InvoiceNo,StockCode
536370,"[22728, 22727, 22726, 21724, 21883, 10002, 21791, 21035, 22326, 22629, 22659, 22631, 22661, 21731, 22900, 21913, 22540, 22544, 22492, 'POST']"
536852,"[22549, 22544, 22539, 22661, 21791, 21786, 'POST']"
536974,"['15056BL', '15056P', 20679, 21915, 22659, 22352, 22892, 22027, 20749, 20750, 21700, 22748, 22080, 20725, 20726, 'POST']"
537065,"[22837, 22846, 22892, 22968, 84678, 20665, 21786, 21787, 20750, 20749, 21774, 21121, 21439, 47566, 22727, 22726, 22728, 22729, 22243, 22467, 22318, 21195, 20725, 20726, 20728, 21559, 22326, 22352, 21555, 21533, 21539, 22423, '84997A', '84997B', '84997C', '84279P', 22634, 22635, 22636, 22180, 21980, 21981, 21982, 22614, 22615, '84870B', '84870C', 22554, 22551, 16238, 85227, 22632, 21829, 21556, 22644, 22390, 22483, 21054, 21055, 21892, 22619, '84963A', 'POST']"
537463,"[22961, 21224, 22326, 21124, 21121, 21137, 22041, 22037, 22027, 21506, 21064, 21238, 22191, 22352, 21559, 22181, 21700, 20719, 21680, 22554, 21212, 22312, 22313, 22301, 22300, 22894, 22365, 20682, 20681, 84692, 22467, 22413, 22892, 22908, 22348, 21719, 21721, 21544, 22895, 21731, 'POST']"
537468,"[22114, 21485, 22837, 22113, 22111, 22110, 22558, 22749, 22750, 22272, 20725, 22383, 22382, 22418, 22745, 22748, 22747, 22531, 'POST', 22654]"
537693,"[22710, 22052, 22051, 22910, 22086, 22742, 22744, 37495, '47566B', '85049A', 'POST']"
537897,"['POST', 22601, 22661, 22255, 21731, 22752, '84029E', 21481, 22454, 22558, 22974, 20685, 22495]"
537967,"[21843, 22667, 'POST']"
538008,"[22331, 22907, 22908, 22909, 20972, 22938, '47599A', '47599B', 22704, 22894, 22895, 22897, 22898, 22705, 22636, 22630, 22899, 22333, '84997D', 22352, 21559, 22859, 22951, 84992, 21086, 21094, 21154, 21843, 22435, 22437, 22972, 22973, 22974, 22975, 22976, 22977, 21121, 21123, 21124, 21122, 'POST']"
538093,"[22736, 22738, 20679, '15056BL', 22077, 21731, 21791, 22620, 22551, 22556, 22386, 22385, 20725, 20726, 22383, 22382, 21559, 21558, 22961, 21452, '85232D', 20749, 20750, 22554, 21700, 22197, 22319, 22321, 22909, 22948, 10002, 22082, 'POST']"
538196,"['POST', 84879, 10002, 20725, 22549, 21889, 22560, 21915, 21914, 22558, 21527, 21533, 21507, 20682, 48138, 20685]"
539050,"[21069, 21328, 22631, 20751, 84826, 21161, 21027, 21026, 22435, 20983, 22696, 22469, 84744, 21030, 85116, 21901, 21900, 21294, 22076, '85049E', '85049H', 22945, 22638, 22604, 21986, 21980, 21985, 21981, 21982, 22759, 22151, 84378, 22739, 22079, 22078, 22082, 20961, 20966, 22909, 22910, 22399, 22413, 22403, 22402, 21012, 22720, 22374, 22375, 21578, 21576, 22094, '47594A', '47594B', 22482, 22480, 22093, 22801, 22174, 84947, 84836, 21326, 20967, 22749, 22940, 20972, 22785, 21034]"
539113,[22662]
539407,"[22264, 22492, 22255, 21914, 22333, 'POST']"
539435,"[21731, 22326, 20750, 21452, 'POST']"
539551,"[21731, 22466, 84051, 84050, 21355, 20726, 22331, 22333, 20682, 20681, '15056N', '15056P', '85135C', 22834, 'POST']"
539607,"['84997D', 22895, 21731, 22976, 22966, 22970, 22973, 21065, 22504, 21224, 22356, 21137, 22041, 22029, 21506, 22961, 21240, 21086, 21987, 48138, 22555, 22556, 22554, 82600, 22413, 22197, 22198, 20617, 21864, 21865, 22892, 21883, 22652, 21080, 22352, 21559, 21700, 22181, 20750, 21213, 21976, 22314, 22312, 22302, 22303, 22365, 'POST']"
539688,['C2']
539727,"[22933, 22934, 22558, 'POST']"
539829,"['82613D', '82613B', 22223, 22222]"
540178,"[22966, 21881, 22504, 20973, 20975, 22895, 22348, 21989, 22892, 22467, 21708, 20682, 20686, 21706, 22554, 22556, 22894, 22365, 22313, 22314, 21212, 22352, 21086, 21238, 21064, 22961, 21786, 22027, 22037, 21224, 22904, 21544, 22620, 'POST']"
540239,"[21977, 21976, '15056BL', 22451, 20866, 22331, 22895, '84279P', 22859, 22558, 22904, 22435, 21791, 22302, 10002, 22352, 21559, 22915, 22976, 22966, 22891, 22962, 20749, 20750, 22961, 22064, 22551, 22554, 22556, 22326, 22328, 22423, '15056N', '15056P', 20679, 21915, 22027, 22090, 22333, 'POST']"
540351,"[22645, 22644, 22650, '85032A', 22209, 10125, 22557, 22551, 21980, 20725, 21212, 21975, 22951, 22606, 22605, 21918, 21917, 21055, 21054, 21056, 22637, 'POST']"
540365,"[22748, 21055, 21328, 22418, 21883, 22138, 22617, 22326, 21094, 21086, 21080, 21936, 22634, 22273, 22750, 20679, '85014A', 20750, '85099B', 21039, 22356, 20724, 22504, 'POST']"
540455,"[21086, 21080, 22726, 22727, 22728, 22729, 21121, 22326, 20750, 22551, 22556, 22555, 21731, 22390, 22333, 22331, 20719, 21883, 21042, 22367, 21094, 'POST']"
540463,"['POST', 22556, 84375, 22138, 22467, 22090, 22606, 21578, 22449, 20750, '85206A', 21843, 22139, 21054, 22027]"
540521,"[21881, 21883, '79191B', 22138, 21080, 22892, 21398, 21035, '15056BL']"
540642,"['85169B', 21877, 22423, 21428, 21430, 22555, 22385, '85099B', 22432, '85049C', '85049D', '85049G', 22725, 22726, 22727, 22728, 22729, 22730, 20750, 16236, 16238, 16237, 21675, 21731, 22466, 22139, 21429, 22781, 22467, 22551, 22553, 22554, 22556, 22988, 22972, 22973, 22974, 22977, 22976, 22975, 22661, 47566, 22669, 21559, 21561, 22631, 22629, 22138, 22617, 'POST']"
540688,"['POST', 22223, 22222, 21212]"
540789,"['POST', 21381]"
540824,"[21108, 21208, 21355, 21731, 22027, 22311, 22423, 22443, 22556, 22746, '79191B', 84375, 'POST']"
540835,"[22355, 22661, 20719, 20723, 20726, 20725, 22662, 22382, 22383, 22418, 'POST']"
540851,"[21361, 22222, 21210, 22215, 21843, 21232, 21231]"
540972,"[22236, 21988, 21987, 21122, 21843, 'POST', 22215]"
540976,"[22394, 21890, 22915, 22970, 21111, 84817, 85016, 22659, 21622, 22091, 22951, 22554, 22605, 21955, 22900, 82582, 22412, 22115, 22413, 21164, 48138, 22922, 22399, 22398, 21917, 22662, 20719, 21452, 20724, 20914, 22138, 22139, 22856, 22207, '84029G', 22551, 22358, 22557, 21212, 21731, 21875, 21908, 21877, 22406, 85015, 84821, 21110, 'POST']"
541120,"[21195, 21880, 21881, 22377, 84356, 22971, 22898, 22303, 22894, 22895, 22302, 22908, 22352, 21976, 22938, 22970, 22988, 22976, 22659, 22966, 22964, 84378, 20975, 20750, 22090, 20724, 22356, '85099B', 21080, 21238, 20725, 22704, 22585, 22619, 21915, 22631, 22556, 22551, 21156, 21731, 22385, 20711, 'POST']"
541121,"['85099B', 21039, 20679, 21700, 22668, 22588, 20750, 20749, 21218, 22645]"
541138,"[20682, 22355, 21931, '85099B', 22385, 20712, 20866, 22742, 20725, '79191C', '79190B', 22554, 22556, 22553, 22029, 20973, 22418, '51014L', 21880, 21429, 22646, 22747, 22748, 22745, 22569, 20972, 22750, 22274, 22492, 22138, '84997D', '84997C', 84077, 21731, 22565, 21365, 21249, 'POST']"
541405,"[22636, 84375, 22897, 21035, 22895, 84692, 22629, 22704, 22302, 22303, 20963, 22705, 22631, 20966, 22037, 21058, 21721, 22423, 21843, 'POST', 22328]"
541567,"[22435, 22437, 20724, 20719, 22356, 21137, 22904, 22024, 21238, 22191, 22616, 22659, 22314, 22312, 22313, 22300, 22301, 22894, 22555, 21706, '85014B', 21578, 21864, 22908, 22348, 21719, 21544, 22895, 21731, 20750, 'POST']"
541631,"[22973, 21068, 22303, 22974, 84592, 22362, 21121, 21524, 48184, 20685, 22749, 22750, 22751, 22725, 22726, 22727, 22728, 22729, 22242, 22244, '84927D', '84927E', '84927F', 21195, 22174, 21756, 22120, 21754, 22116, 21164, 22367, 21559, 21558, 22326, 22327, 22352, 22630, 22629, 22382, 22383, 20726, 21987, 21086, 22613, 21989, 21988, 21094, 84988, 22634, 22636, 22468, 10002, 22551, 22554, 22556, 22555, 21509, 21507, 22029, 22437, 21829, 21791, 21915, 22549, 22550, 22355, 22271, 22272, 22274, 20682, 20684, 'POST']"
541857,"[21195, 21208, 82484, 84988, '72760B', 22851, '72799E', '72800C', '15056N', 22907, 22215, 'POST']"
541981,"[21094, 21086, 20750, 22352, 22859, 22333, 21578, 22083, 22331]"
542132,['POST']
542425,"[84380, 22666, 22721, 22798, 22801, 82482, 22829, 22854, 22831, 22863, 'POST']"
542433,"[22613, 22908, 22964, 22965, 84378, 84375, 84380, 22811, 22560, 22440, 22531, 21086, 21094, 21080, 21829, 22550, 21912, 22492, 'POST']"
542535,"[21054, 21055, 21056, 22502, 22139, 21888, 22550, 22620, 20681, 20750, 22661, 22355, 22356, 20719, 22605, 22607, 21259, 22635, 22634, 22636, 'POST']"
542629,"[22029, 48187, 21524, 22699, 84375, 22402, 22398, 22551, 22557, 22554, 22492, 22540, 22544, 21914, 21915, 22559, 22560, 22629, 20725, 84879, 21563, 22134, 22892, 22352, 21527, 21535, 22558, 20682, '85014B', '85014A', 22745, 22746, 22748, 22620, 22472, 22474, 22475, 22630, 22662, 22139, 10002, 21156, 22899, 22367, 48184, 22414]"
542735,"[22652, 22620, 21731, 22452, 10002, 21224, 22467, 21121, 20750, 22027, 22976, 21064, 21238, 22631, 22314, 22300, 20681, 'POST']"
542904,"['15056BL', '15056N', 20679, 21936, 22384, 22383, 20712, 22859, 22894, 22242, 22352, 22077, 22630, 22423, 22243, 21731, 22961, 22937, 'POST']"
542922,"['15056N', 22976, 22551, 22328, 20679, 22915, 22352, 22966, 22554, 22423, '15056BL', '85014B', 22384, 20725, 22556, 21558, 21559, 20750, 'POST']"
543030,"[22693, 21086, 21094, 22437, 84077, 22027, 21062, 16012, 22356, 'POST']"
543188,"[22727, 22726, 22728, 22729, 22725, 21156, 22367, 22138, 22617, 21218, 22720, 22938, 22417, 22136, 22558, 20725, 20726, 21559, 22382, 22662, 21086, 21080, 22613, 21212, 15036, 20658, 20682, 20684, '85014B', '85014A', 22361, 21696, 21439, 22857, 22858, 22861, 22960, 22961, 22962, 22963, 22077, '85049D', 22492, 22090, 21936, 21094, '79030G', 22302, 22303, 22699, 22907, 84012, 21731, 21914, 21915, 22620, 21716, 21715, '85032C', 21039, 21746, 21749, 'POST']"
543459,"[20676, 20677, 20975, 21080, 21212, 21746, 22090, 21086, 21987, 21094, 22540, 22908, 22544, 'POST']"
543484,"[20712, 22554, 22466, 20749, 22492, '85099B', 22526, 22521, 22520, '15056N', 22857, 22859, 22254, 23232, 23230, 21936, 21094, 21080, 21086, 21212, 21749, 21746, 20676, 21246, 21242, 21217, 'POST']"
543625,"[22540, 22539, 22556, 22554, 22551, 21981, 22615, 22616, 22614, 16218, 22326, 22492, 'POST']"
544069,"[22554, 20981, 22326, 20750, 20983, 22628, 22328, 22555, 22549, 22659, 'POST']"
544115,"[22436, 22437, 21506, 22029, 22027, 22209, 21059, 21062, 21063, 20974, 20975, 22418, 21558, 21559, 22621, 21094, 21080, 21086, 21988, 21989, 21987, 22332, 22333, 22334, '47599A', 21224, 22544, 22539, 22650, 22551, 22553, 22557, 22748, 22747, 21703, 21890, 21891, 22620, 22523, 22520, 22521, 22522, 22492, 21354, 21544, 22434, 22435, 'POST']"
544200,"[20725, 22383, 21843, '84997C', '84997B', '85169D', '85170D', 85173, 22355, 22356, 22661, 20724, 21931, 21936, 21937, 'POST']"
544355,"[22367, 22898, 40016, 22236, 21086, 21987, 21078, 21080, 21989, 21094, 21988, 21154, 22350, 21980, 21981, 21982, 22614, 22615, 21731, 22466, 22637, 21915, 20676, 20677, 21246, 22348, 22072, '84625A', 20685, 22365, 21524, '71101E', 21985, 84821, 22567, 21042, 21126, '85039A', '85040A', '85230G', '85230E', 22029, 22904, 22740, 22741, 21328, 20665, 20686, 20681, 20682, 20684, 22899, 'POST']"
544423,['79190B']
544470,"[22514, 22515, 22516, 22517, 22518, 22519, 22520, 22521, 22522, 22523, 22524, 22525, 22619, 22605, 22606, 22607, 22713, 22900, 22891, 21527, 21528, 22970, 22971, 37370, 22969, 22084, 22139, 22659, 22922, 22109, 22623, 22037, 22024]"
544585,"[23231, 22891, 22354, 22282, 22861, 22857, 22957, 'POST']"
544817,"[22197, 20676, 22215, 22132, 22133, 22435, 21559, 21509, 22551, 22556, 22693, 22492, 21208, 21209, 22716, 22714, 'POST']"
544818,"[22893, 84380, 21121, 22352]"
545051,"[21122, 21124, 20676, 22964, 'POST']"
545086,"[22893, 21977, 21212, 22138, 21535, 22073, 22964, 84375, 22736, 22737, 22739, 21976, 'POST']"
545105,"[22367, 22382, 22629, 22544, 22303, 20665, 20724, 22352, 21559, 22659, 22902, 22970, 21700, 22390, 48138, 22539, 22899, 22630, 22661, 22181, 22551, 22556, 22554, 22660, 22366, 'POST']"
545180,"[20750, 22747, 22748, 22467, 22781, 22435, 22961, 22352, 21242, '84997B', '84997C', 'POST']"
545181,"[47566, '47566B', 22356, 22355, 20723, 22752, 'POST']"
545235,"[21559, 21207, 22129, 22328, 21212, 84988, 84828, 22890, 84375, 84692, 22077, 21544, 22748, 22437, 22620, 22549, 'POST']"
545301,"['POST', 22089, 22090, 22432, 22433, 22431, 22444, 22554, 22551, '84997A', '84997D', '84997C', '84997B', 21239, 21240, 21238, 20677, 20675, 20676, 21243, 21242, 22328, 22636, 22634, 22617, 22367, 21156, 22468, 21561, 21559, 22631, 22629, 22559, 21251, 21249, 20977, 20979, 20681, 20682, 21054, 21731, 21244]"
545515,"[22957, 22087, 22090, '47566B', 21200, 21086, 21087, 21084, 21090, 21094, 21080, 84978, 22027, 22715, 22984, 22859, 22860, '47570B', 21977, '72760B', 84988, 22720, 22215, 22197, 21188, 21210, 22907, 'POST']"
545517,"[21095, 'POST']"
545583,"['85099B', 21931, 22139, 22617, 22138, 21891, 22090, 21731, 21559, 22435, 20749, 20971, 22749, 22570, 22568, 'POST']"
546373,"[23007, 23010, 21559, 21042, 21080, 21086, 21094, 21240, 21731, 22333, 22331, 22556, 22554, 22729, 22197, 22090, 22492, 'POST', 22991, 23009]"
546428,"[21206, 21731, 85227, 22746, 22747, 21439, 21452, 84012, 22967, 22957, 22320, 20702, 22620, 22560, 22586, 22565, 84228, 'POST']"
546479,"[22620, 22966, 47566, 22993, '15056P', 22567, 22197, 20750, 21094, 20726, 22957, 22432, 21746, 23176, 23049, 23052, 23050, 23053, 21039, 22895, 'POST']"
546678,"[22436, 22326, 21137, 22041, 22904, 22716, 21239, 21086, 21094, 21988, 21058, 22352, 22452, 21700, 20719, 20724, 22312, 22894, 22556, 21706, 22197, 22892, 21080, 21989, 22652, 22895, 21731, 'POST', 22467]"
546765,"[21219, 21086, 21094, 21080, 21244, 21843, 21243, 'POST']"
546770,"[22423, 22269, 23178, 21671, 22797, 22967, 23233, 22720]"
547087,"[21086, 21094, 21080, 22492, 22333, 21544, 21121, 22544, 22539, 85173, 22620, 22531, 21212, 22540, 'POST']"
547194,"[22628, 22992, 21154, 22895, 22649, 21218, 22720, '84596B', '84596J', '84596F', 22554, 22555, 22556, 22551, 22553, 22554, 22326, 22328, 22629, 22631, 21930, 20713, 22663, '85099B', 22385, 20727, 22382, 20726, 20725, 20728, 22383, 22662, 22558, 20914, 22892, 21232, 21216, 21035, 22895, 22908]"
547196,"[23004, 22999, 23000, 20665]"
547327,"[22975, 22976, 22990, 21559, 22352, 22139, 22745, 22748, 21889, 22502, 22138, 22326, '84997A', '84997B', 20725, 22328, 22329, 22431, 22467, 21731, 22398, 20749, 20750, 22035, 22815, 23054, 23052, 23049, 22727, 22729, 'POST']"
547492,"[22138, 21213, 21212, 84991, 21210, 21122, '47591D', 22367, 22964, 'POST']"
547504,"[21212, 21977, 84991, 84992, 22960, 22961, '84997D', '84997B', 21238, 22437, 22436, 20971, 22435, 22704, 22908, 21946, 21943, 22303, 22898, 22302, 22705, 21087, 21086, 21987, 21080, 21989, 21094, 21988, 21239, 21242, 21243, 22993, 23231, 22027, 'POST']"
547508,"[22629, 22659, 22630, 21210, 21121, 21122, 21124, 21195]"
547520,"[22631, 22629, 22659, 22630, 22628, 22326, 22328, 22329, 22383, 23009, 23007, 22384, 20750, 21708, 21711, 21707, 21709, 21710, '84429A', '85014A', 'POST']"
547722,"[20973, 20725, '15056BL', '51014L', 22621, 21056, 22331, 22333, 21094, 21080, 21086, 21084, 21090, 20712, 84077, 22352, '84997B', 22957, 21219, 20724, '84997D', 22029, 'POST']"
547863,"[22957, 21731, 22423, 21843, 21746, 22605, 21212, 'POST']"
547892,"[22191, 22192, 22193, 22630, 22662, 22661, 22949, 22951, 22417, 22629, 22382, 22659, 22971, 22713, 22616, 22970, 22551, 22555, 22556, 22557, 22554, 22553, 21981, 22614, 21983, 21980, 20723, 20719, 20726, '85099F', 22992, 22197, 22973, 22631, 22997, 23006, 23004, 23000, 22900, 22399, 22396, 22922, 23178, 22400, 22781, 22626, 22727, 22726, 22729, 22907, 22960, 22328, 22908, 22895, 22892, 22303, 22302, 22859, 22856, 22585, 22931, 22930, 21210, 84987, 21976, 21212, 84991, 21977, 'POST']"
548409,"[21843, 22072, 22697, 22699, 21844, 20682, 10125, 22423, 22745, 22747, 22746, 22748, 22139, 21889, 21915, 21914, 22549, 22620, 22553, 22492, 20685, 21524, 48138, 22367, 20725, 20727, 22629, 22630, 22352, 22662, 84879, 22203, 21539]"
548410,"[23007, 23010, 22992, 22991]"
548496,"[23157, 22941, 22433, 22431, 22616, 22555, 22551, 22556, 22554, 22434, 22492, 21725, 21724, 21723, 22563, 22562, '85099F', 22386, 21094, 21086, 21080, 22963, 22962, 22961, 22978, 84375, 22989, 22900, 22937, 22133, 22132, 22726, 22728, 22846, 22432]"
548553,"[21472, 22262, 23231, 21844, 22957, 21533, 21535, 22285, '35911A']"
548606,"[10002, 22398, 22402]"
548725,['POST']
548737,"[23076, 23159, 20725, 22383, 22382, 20726, 22352, 21559, 22321, 22432, 20749, 21212, '84279B', 21936, 23050, '15056P', 22077, 21121, 22859, 22435, 22892, 22669, 22467, 21039, 22087, 22027, 'POST']"
548913,['M']
549274,"[22514, 22515, 22518, 22519, 22524, 22517, 22516, 23007, 23008, '16156L', 21498, 21507, 21509, 22025, 22027, 22630, 20726, 20979, 20977, 22431, 22432, 22385, 22634, 'POST']"
550145,"[22992, 22991, 23052, 23049, 23053, 23054, 22556, 22663, 22662, 22859, 85059, 22492, 22962, 22692, 22963, '85014A', 22728, 22725, 22729, 22727, 21746, 21880, 22551, 22629, 22382, 22385, 22423, 22554, 22326, 20726, 'POST']"
550313,"[22992, 23076, 23155, 23158, 23159, 22326, 84077, 22427, 22024, 22037, 22027, 21786, 22976, 21238, 21240, 20719, 21578, 22312, 22365, 22556, 22652, 22895, 22620, 21731, 48138, 21719, 'POST']"
550338,"[23051, 21936, '85099B', '85014A']"
550661,"[22989, 23052, 23053, 22376, 22374, 22371, 21936, 22629, 22382, 22662, 20725, 22384, 22326, '84279P', '84279B', 20726, 22630, 'POST']"
550821,"[22841, 22840, 22934, 22933, 22090, 22432, 22963, 22962, 22960, 22989, 22907, 22722, 22978, 84378, 84375, 21658, 84988, 84987, 21974, 22328, 22604, 22927, 22926]"
550827,"[20725, 22254, 22255, 20750, '85014B', 20682, 22740, 23206, 22352, 22629, 22659, 22631, 22382, 21035, 22895, 21559, 22900, 22556, 22551, 22303, 21936, 'POST']"
551163,"[21749, 22459, 22996, 23003, 84879, 21507, 21531, 22403, 22358, '84927F', '84927A', 21696, 22224, 47566, 22924, 22431, '85194S', 22976, 22975, 22976, 22974, 21385, 22972, 22977, 22501, 22083, 21385, '85123A']"
551389,"[22090, 21086, 22693, 22423, 21212, 22132, 22133, 'POST']"
551539,"[20719, 20723, 23204, 20724, 22661, 23076, 23078, 23158, 23155, 22972, 22974, 23256, 23254, '84997D', 23255, 23077, 22181, 21700, 21559, 22303]"
551544,"[22960, 22969, 22993, 23076, 23156, 23159, '47599A', '47599B', 22328, 23206, 22662, 22090, 22352, 84828, 22626, 21086, 21094, 21095, 21080, 22978, 'POST']"
551545,['84997C']
551552,['POST']
551649,"[21747, 21746, 21380, 'POST']"
551652,"[21212, 21213, 22083, 22090, 'POST']"
551887,"[22382, 20726, 22662, '15058C', 22629, 22630, 21731, 22664, 22380, 22659, 'POST']"
552315,"[22555, 22551, 22554, 22556, 23076, 23077, 23078, '85049G', '85049H', '85049C', 22693, 84879, 23256, 23254, '84997D', 22971, 21559, 22629, 22630, 22662, 20726, 22975, 22976, 21212, 22417, 21976, 22951, 84992, 22423, 21949, 22699, 21544, 21700, 22390, 22393, 22025, 22024, 22027, 21508, 22028, 22037, 22029, 22712, 22984, 16048, 22418, 16237, 'POST', 23199, 23206, 23065, 23066, 23204, 23208, '85099C', 22661, '85169D', 22637, 22646, 23194, 23176, 21219]"
552325,"[23206, 23199, 21238, 21239, 22090, '85099B', 20724, 20725, 22379, 22386, 20712, 21559, 22895, 22302, 22303, 23204, 'POST']"
552464,"[22531, 21086, 21094, 21829, 22435, 22620, 22541, 21122, 22437, 'POST']"
552631,"[20974, 20975, 20983, 22534, 22540, 22491, 22489, 22493, 21918, 21917, 22992, 22492, 22560, 22620, 21915, 21558, 21559, 22557, 22556, 22418, 23256, 22629, 22728, 21678, 21675, 21883, 22273, 21061, 21058, 'POST']"
552826,"[21844, 23065, 21623, 23072, 23071, 23147, 23146, 23075, 23254, 23109, 23066, 21584, 22302, 22300, 22970, 22301, 22305, 23118, 23111, 21246, 22063, 21399, 21394, 23079, 22626, 21466, 21467, 23091, 22425, 22840, 22838, 22842, 22847, '85099B', 23199, 21163, 21248, 21908, 82583, 82582, 21907, 82600, 21166, 82583, 21165, 21181, 21166, 21165, 85150, 21181, 84792, 22471, 22505, 22507, 21539, 21669, 21673, 21671, 21668, 21672, 22178, 22913, 22912, 22914, 20914, 21161, 21162, 20983, 22606, 21452, 22923, 22924, 22922, 22771, 22805]"
552851,"[23084, 10125, 22539, 21556, 21156, 22554, 21558, 22629, 20725, 20727, 22662, 22630, 84879, 22134, 22899, 23010, 21533, 21843, 21539, 22139, 21535, 22892, 23170]"
552946,"[23209, 23298, 22894, 22712, 22718, 22437, 21156, 22898, 22367, 22899, 22636, 'POST']"
553044,"[23199, 23206, 22386, 20712, 22432, 20679, 22895, 22352, 22326, 22328, 22551, 22064, 23084, 23298, 23112, 22554, 22556, 21243, '15058B', 21086, 22303, 22961, 21746, 'POST']"
553143,"['47590A', 23284, 21894, 48138, 22595, 21955]"
553161,"[23065, 23066, 23145, 23144, 23204, 20724, 22904, 22976, 21980, 22615, 21212, 22303, 22894, 22365, 84692, 22413, 22908, 22895, 22423, 21828, 84212, 22559, 'POST']"
553195,"[21086, 21094, 21121, 21988, 22437, 21746, 21989, 22435, 22908, 'POST']"
553208,"[23008, 23007, 23108, 23076, 22326, 22418, 22438, 22492, 22716, 22029, 22712, 22813, 23158, 23084, 22693, 23010, 'POST']"
553316,"[22558, 22908, 22894, 23084, 23171, 23172, 'POST']"
553357,['M']
553411,"[22628, 22383, 20727, 22035, 22715, 22984, 22026, 21243, 22904, 21519, 22815, '84251G', 21539, 21531, 23084, 23163, 23190, 23203, 23191, 23192, 23209, 22556, 22553, 21891, 22549, 22181, 22437, 22436, 84212, 22716, 21533, 22423, 23054, 23053, 23052, 23049, 23050, 22978, 23208, 23207, 23206, 84879, 22382, 22662, 'POST']"
553566,"[23084, 23108, 23110, 23112, 23118, 23209, 23206, 23170, 22699, 21578, 21936, 21731, 'POST', 23174, 23173, 23111]"
553577,"[22582, 22584, 22435, 21122, 21212, 21843, 22215, 47566, 22583, 'POST']"
553666,"[21232, 'POST']"
553838,"[22755, 22759, 23086, 23191, 22634, 22635, '17011F', 21394, '35810A', '35809A', '79030G', 20777, 23255, 23256, 23254, 23206, 21578, 21581, '84970L', 84978, 21284, 22554, 22553, 22637, 22138, 22617, 21746, 20725, 20726, 20977, 20979, 20978, 16236]"
553843,"[22090, 23065, 23202, 23206, '85099B', 23256, 23254, '84997D', '84997C', 20725, 21558, 22746, 22748, 22374, 22352, 21936, 21931, 22385, 'POST']"
553997,"[22630, 22629, 22382, 22662, 23206, 21937, 21936, 20725, 20726, '15058A', '15058B', 23007, 23008, 'POST']"
554097,"[23053, 23052, 23054, 21936, 22894, 23206, 23204, 22556, 22555, 21922, 22605, 22606, 22514, 22515, 22517, 22516, 22382, 21563, 21564, 23298, 21238, 21240, 21239, 21242, 21244, 21243, 20676, 20677, 20675, 22432, 22431, 21749, 22231, 23050, 'POST']"
554109,"[23084, 21035, 22432, 23049, 23052, 23054, 21559, 22423, 22027, 'POST']"
554134,"[23280, 23281, 22556, 22492, 22434, 21240, 21238, 22090, 22729, 20724, 20719, 21039, 21121, 21212, 21154, 20983, 20981, 21245, 84380, 'POST']"
554356,"[23190, 23191, 23192, 23206, 20725, 21936, 22352, 22740, 22328, 22970, 22303, 23084, 'POST']"
554555,"[22554, 21094, 21086, 22544, 22423, 22221, 22027, 84988, 22776, 'POST', 22437]"
554648,"[23084, 20750, 21931, 20712, 23199, 22385, '85099B', 21936, 20726, 22630, 22629, 22662, 20665, 22637, 22139, 22636, 23206, 22556, 22554, 22744, 'POST']"
554650,"[23084, 23199, 23200, 23191, 23206, 23209, 23280, 23076, 23078, 22431, 22432, 21731, 16236, 16238, 16237, 20749, 20750, 22975, 22977, 21156, '84997B', 21559, 23208, 22352, 21949, 21121, 21693, 22840, '35809A', 'POST']"
554826,"[20725, 22384, 23209, 21937, 22383, 20728, 22431, 22456, 23206, 22848, 22845, 'C2']"
554840,"[20974, 22491, 22489, 21918, 21917, 22492, 21915, 22557, 22556, 22728, 22273, 22437, 'POST']"
554940,"[23084, 20725, 22383, 22382, 20726, '84997C', '84997D', 21843, 23108, 21249, 21166, 22413, 21175, 21164, 21770, 21907, 22412, 21908, 82567, 82600, 'POST']"
555096,"[23112, 23209, 23084, 22303, 23206, 23200, 21746, 23203, 23202, 20726, 23174, 23175, 47566, 23298, 22989, 21700, 23155, 'POST']"
555531,"['POST', 22728, 22846, 23280, 23203, 23209, 22466, 22560, 22992, 22991, 20978, 20979, 22965, 84378, 22907, 84988, 22417, 84991]"
555547,"[23168, 84077, 22326, 23204, 22024, 22037, 22976, 23110, 47566, 21238, 22191, 23159, 22303, 22301, 22970, 22894, 22365, 22328, 22554, 22555, 22556, 22652, 22898, 22467, 21080, 22423, 21544, 22900, 22895, 21731, 20750, 'POST']"
555569,"[21084, 21090, 84987, 22795, 22189, 23133, 84988, 23107, 22090, '72799F', '72799E', '72800E', '72800C', 22215, 22224, 22151, 21198, 23082, 'POST']"
555637,"[21485, 22111, 21078, 21080, 22138, 22960, 21155, 22558, 21706, 21709, 21707, 21116, 22500, 20767, 21622, '47585A', '46000S', 22794]"
555933,"[23207, 23208, 22432, 22431, 22456, 20726, 22328, 23206, 22628, 22382, 21084, 21090, 23049, 23076, 20979, 22705, 23232]"
555936,"[23232, 23208, 23207, 23206, 23076, 23049, 22705, 22628, 22456, 22432, 22431, 22382, 22328, 21090, 21084, 20979, 20726]"
555937,"[23308, 23307, 23159, 23156, 21125, 21121, 21122, 21124, 21123, 84828, 21987, 21988, 22907, 23306, 21559, 22352, 20726, 22384, 23209, 22328, 21507, 22742, 20971, 20972, 20963, 21943, 21946, 22624, 22627, 'POST']"
555941,"[22620, 21094, 22435, 22540, 21829, 21086, 22492, 22333, 22434, 21989, 21987, 21988, 22539, 22531, 21080, 21207, 'POST']"
556258,"[22540, 22544, 21892, 22620, 21888, 22992, 23308, 23307, 23309, 84375, 84820, 21088, 21096, 22215, 22236, 22908, 21207, 22492, 21124, 'POST']"
556259,"[23255, 22556, 23007, 22423, 21746, 21829, 22711, 22699, 23173, 23108, 22180, 23192, 23300, 16219, '84596F', '84596B', 21884, 21883, 21880, 23101, '85099B', 23231, '16161P', '16156S', 21498, 21936, 21731, 22333, 22331, 22631, 22629, 22090, 47566, '84279P', 22759, 'POST']"
556305,"['POST', 22083, 22090]"
556463,"[23100, 21240, 21238, 21244, 21242, 23298, 22197, 21210, 22356, 22466, 22610, 22609, 22561, 'POST']"
556507,"[84879, 21340, 23112, 48184, 23158, 22730, 22467, 22725, 22781, 23052, 23053, 23054, 23049, 23050, 23206, 23204, 22303, 22894, 22908, 22989, 22352, '85099B', 22379, 20712, 20726, 22384, 20728, 22752, 23190, 23192, 22440, 21746, 22992, 22991, 21891, 21914, 22139, 22554, 22555, 21561, 23076, 22631, 22556, 23108, 23008, 23007, 22693, 21124, 22088, 23282, 23281, 23084, 23079, 'POST', 23200, 23199, 23048, 23209, 22120, 21754, 21755]"
556526,"[23256, 23254, 23255, 20979, 21238, 21242, 21244, 21240, 21239, 21243, 22328, 'POST']"
556529,"[21928, 21931, 20712, 21929, 22386, 22411, 23201, 21936, 21937, 23050, 21537, 22332, 22333, 22331, 23209, 23308, 21039, 21558, 21559, 21914, 22352, 23084, 21239, 'POST']"
556816,"['POST', 21094, 21086, 22236, 20677, 22356, 22326, 21561, 20728, 20725, 22439, 21224, 21544]"
556819,"[23298, 47566, 23084, 23053, '85014A', 23249, 23251, 23250, 23252, 23288, 23285, 'POST']"
556820,"[22435, 21558, 22352, 22432, 23209, 23203, 23240, 23237, 23238, 23245, 23306, 21746, 21559, 22976, '15056N', 20750, '15056BL']"
556886,"[21094, '15058A', '15058C', '15058B', 22138, 21703, 22620, 20979, 20977, '84535B', 21212, 21976, 84828, 21078, 21080, 21086, 20749, 22320, 'POST']"
556924,"[82552, 21165, '47503A', 23154, 23156, 21442, 21441, 23339, 23338, 21731, 22778, 23065, 23077, 22696, 23084, 21262, 21264]"
557069,"[20682, '15056BL', '15056N', 22027, 21509, 22029, 22035, 21936, 22139, 20712, 21931, 22385, 22663, 23199, 23201, 23203, 20719, 22355, 23204, 20726, 20728, 22382, 22383, 23206, 22662, 22629, 23084, 'POST']"
557247,"[23175, 23173, 23174, 22423, 84879, 22203, 22558, 22029, 22712, 23007, 23010, 23008, 22745, 22747, 22748, 22746, 21915, 21914, 22352, 22629, 22630, 20725]"
557295,"[22382, 22383, 23206, 23208, 20728, 23084, 'POST']"
557483,"['POST', '47590B']"
557489,"[23199, 23200, 22301, 23287, 22090, 22352, 20750, '85099B', 23203, 22386, 20979, 20977, 22992, 22328, 22326, 22631, 23238, 22629, 23084, 'POST']"
557627,"[22726, 22727, 22728, 22729, 16218, 23124, 21094, 21080, 21086, 21559, 22333, 'POST']"
557669,"[23084, 23119, 22693, 22630, 22629, 22631, 22319, 23076, 22328, 22326, 21881, 21883, 16237, 22492, 22727, 22726, 22728, 22398, 23158, 'POST']"
557734,"[20974, 23190, 22149, 23126, 22437, 22492, 22992, 22493, 22620, 21915, 22553, 15039, 22489, 'POST']"
558045,"[22993, 23176, 22969, 23154, 22343, 22956, 84077, 23084, 20749, 20750, 22961, 22621, 22367, 21156, 23254, 23256, 21936, 22027, 22028, 22029, 22814, 22984, 22906, 23245, 23307, '85099B', 20712, 21929, 22385, 22386, 'POST']"
558124,"[23084, 23199, 22385, 21931, 22382, 22383, 23206, 23207, 15036, 'POST']"
558334,"[23229, 21080, 21746, 20983, 21086, 21094, 22544, 'POST']"
558687,"[23158, 20719, 20723, 23204, 20724, 22661, 21700, 22551, 22554, 22556, 23238, 22608, 22422, 22029, 22027, 'POST']"
558699,"[23079, 23119, 23121, 23236, 23241, 23242, 23289, 23291, 23108, 'POST']"
558813,"[20726, 20725, 23206, 21936, 23209, 23084, 22976, 22556, 20749, 23124, 23125, 22077, 21915, 22134, 22027, 'POST']"
559036,"[22504, 22355, 22356, 23204, 21746, 22431, 22174, 22669, 22243, 21201, 21205, 21188, 23307, 23206, 21559, 22383, 22384, 22382, 22352, 22556, 22554, 21544, 84212, 22435, 22398, 22422, 21915, 47566, 23054, 23052, 23053, 23049]"
559134,"[23203, 20724, 22356, 22355, 20719, 20750, 20749, 22027, 22028, 22029, 22716, 22712, 22817, 22431, 22432, 22433, 22637, 23078, 22745, 22747, 22746, 22748, 22175, 84920, 22553, 22555, 22557, 22418, 21948, 21949, 22698, 22697, 22423, 22972, 22975, 22988, 23209, 22383, 22727, 22726, 23237, 23235, 23238, 23229, 23236, 23239, 23240, 23244, 23245, 23289, 23292, 23290, 23308, 23307, 23306, 23291, 23309, 23200, 23202, 'POST']"
559418,"[21224, 22328, 20724, 23204, 22027, 84212, 21238, 21239, 21240, 22302, 22365, 22413, 22197, 22892, 22652, 22348, 22898, 22716, 22976, 22352, 23158, 21976, 22314, 22973, 22894, 22992, 22908, 22900, 22620, 23235, 23244, 23238, 23242, 23317, 23342, 'POST']"
559422,"[20724, '85014B', '15056BL', 22750, 20725, '84279P', 23254, 20712, 23202, '85099B', 22419, '51014L', 22745, 23206, 'POST', 21936]"
559441,"[22728, 21080, 21094, 21086, 22955, 22636, 22556, 35970, 21988, 21989, 21987, 22554, 22551, 'POST']"
559607,"[23235, 23236, 23237, 23240, 23238, 23289, 23290, 23155, 22398, 23052, 23049, 23054, 23053, 22326, 21559, 22328, 22727, 22726, 22730, 22467, '84997B', '84997A', 21394, 21395, 22748, 22746, 'POST']"
559685,"[21749, 21746, 21094, 21080, 'POST']"
559699,"[23020, 23287, 23285, 23286, 22361, 22432, 22973, 22972, 22326, 22328, 'POST']"
559704,"[22374, 21935, 22375, 22355, 22664, 23204, 22326, 22328, 22628, 22329, 22352, 22848, '79191B', '79190B', '79191C', 21936, 21238, 21245, 21244, 21242, 20674, 20676, 20675, '84279P', 22303, 22301, 37342, 22891, 21829, 22378, 'POST']"
559782,"[20996, 20992, 84978, '84970S', 23144, 21428, 21430, 23235, 23239, 22720, 22721, 21442, 23031, 23029, 23028, 22766, 22170, 85066, 22797]"
559819,"[23238, 23240, 23237, 23199, 23200, 23202, 23203, 21121, 21122, 'POST']"
559889,"[23307, 23309, 23306, 23285, 23286, 23287, 23238, 22726, 'POST', 23084]"
560272,"[21731, 22352, 23256, 23254, 22467, 'POST']"
560363,"[23296, 23295, 23293, 23294, '82613B', 22646, 22644, 22423, 22236, 'POST']"
560398,"[22139, 22561, 22560, 21889, 21915, 21914, 21509, 22714, '85014A', 21844, 20682, 22698, 22697, 22699, 22892, 22195, 21563, 22134, 22398, 21524, 48187, 48184, 20685, 22352, 21558, 22630, 22629, 22382, 22662, 20727, 20725, 10125]"
560452,"[47566, 21746, 22432, 22303, 'POST']"
561029,"[22908, 22895, 22303, 23204, 23206, 21156, 20724, 21122, 22356, 22386, 22381, 23203, 20712, 20719, 20726, 22898, 23241, 21915, 22139, 21559, 22659, 21121, 21731, 'POST']"
561470,"[23035, 21877, 22948, 22759, 22966, 22139, 23233, 23231, 22295, 'POST', 21843, 23298, 22904]"
561795,"[21212, 47566, 21121, 21498, 23230, 22431, 22432, 21380, 22090, 21207, 22895, 22898, 22897, 21154, 21976, '79191C', 21987, 21086, 21988, 21094, 22346, 22343, 22344, 21245, 21242, 21243, 22303, 22302, 22894, 22437, 22436, 23238, 23240, 23308, 22608, 21709, 21238, 21239, 21240, 22328, 21558, 21559, 21706, 20674, 'POST']"
562039,"[21731, 22662, 20726, 23206, 20727]"
562207,"[21747, 21746, 21212, 21213, 22085, 21380, '47590B', 'POST']"
562275,"[23289, 23290, 23291, 23292, 23287, 23313, 23345, 23346, 22449, 22029, 22712, 22637, 22551, 22554, 21731, 20719, 22661, 21578, 22635, 22634, 22367, 21156, 21249, 21452, 22975, 22977, 22898, 23206, 22899, 22382, 22390, 22389, 21892, 'POST']"
562450,"[22752, 22743, 23176, 22139, 22326, 23076, 22385, 22663, 22662, 22431, 23289, 23287, 23291, 23213, 23345, 20712, 21931, 22386, 23203, 23201, 23202, 21452, 22637, 22418, 20719, 22661, 22355, 23204, 'POST']"
562520,"[21746, 21094, 21086, 21080, 22090, 'POST']"
562894,"[22129, 20979, 21121, 21124, 21122, 21125, 21126, 21086, 21094, 21080, 21731, 20977, 22139, 22583]"
563189,"[23295, 23296, 23307, 23297, 23317, 47566, 23298, 23240, 23209, 23203, 20750, 21039, 22859, 22432, 20749, 23293, 22467, 22961, 22912, 22352, 21559, 22326, 22328, 22966, 'POST']"
563202,"[85066, 22797]"
563288,"[20726, 22382, 22662, 22383, 23206, 23233, 21499, 22321, 22322, 22320, 22367, 22939, 22899, 22326, 22629, 22628, 23245, 21539, 22423, 20725, 20727, 22898, 22892, 23289, 23290, 23291, 23292, 37475, 23007, 23008, '47367B', 22492, '47593B', 23209, 22634, 22635, 'POST']"
563502,"[23035, 48194, '85123A', 22960, 23318, 23319, 22065, 85045, 23323, 21813, 35953, 23269, 23268, 23266, 23264, 23222, 23213, 23216, 23212, 22815, 22044, 23354, 23353, 23349, 22959, '16169E', 23219, 23221, 23351]"
563662,"[22745, 22746, 22748, 21578, 20719, 20724, 85088, 21249, 21251, 20979, 20977, 22138, 20704, 20718, 22530, 22534, 22551, 22554, 22634, 22635, 22964, 23080, 23192, 23254, 23256, 'POST']"
563712,"[21981, 21986, 22037, 23190, 22555, 22629, 22980, 22979, 22712, 22630, 22899, 23254, 22367, 22029, 23256, 22728, 22727, 22099, 22326, 'POST']"
563753,"[20719, 22355, 22356, 21930, 20712, 21121, 21122, 21126, 21495, '16161U', 21497, 21500, 21987, 21988, 22554, 22557, 22553, 21882, 22437, 22435, 20727, 20726, 22384, 22383, 21558, 21559, 21469, 22236, 21989, 21080, 22961, 22960, 21213, 23295, 'POST']"
563897,"['POST', 20914, 22619, 22617, 22138, 22139, 23177, 21531]"
563926,"[21936, 23196, 22622, 22385, 23202, '85099B', 21931, 21221, 21219, 22437, 22554, 22553, 22556, 22569, 22749, 22750, 21672, 22139, 21731, 84077, 22435, 'POST']"
564159,"[20726, 22382, 22384, 22630, 22629]"
564173,"[22991, 21990, 22492, 23168, 23287, 22551, 22556, 22326, 22631, 22630, 22659, 22071, '15056BL', '85014A', '85014B', 20725, 21286, 21402, 22975, 22976, 22072, 23326, 20718, 22432, 22431, 21375, 21377, 23207, 23206, 22382, 23235, 23237, 23238, 23239, 21936, 22668, 23298, 21922, 'POST']"
564226,"['POST', 21080, 22139, 22546, 23231, 21535, 21533, 21232, 22059, 22649]"
564314,"[23245, 23309, 22689, 21955, 48138, 21411, 21624, 21408, 22900, 20971, 21650, 22091, 22340]"
564372,"[16048, 21933, 21932, 22396, 22398, 22403, 22400, 22402, 'POST', 23287, 23288, 23285, 23286, 23290, 23292, 23291, 23289, 23293, 23296, 23294, 23345, 23352, 23350, 23353, 23346, 23354, 20750, 20749, 22449, 20679, 20725, 20728, 22382, 20727, 23206, 23207, 23208, 23209, 22383, 21936, 22326, 22328, 21218, 22348, 22027, 21509, 21507, 22024, 22028, 22716, 22029, 22817, 22983, 22585, 22715, 22906, 22984, 84674, 21207, 21205, 21204, 22551, 22556, 22557, 21731, 22466, 22418, '46000S', 22637]"
564471,"[22081, 22082, 22080, 21210, 21156, 21080, 21086, 21094, 23445, 22326, 'POST']"
564479,"['15056BL', 20679, '85014B', '85014A', 23238, 23347, 22556, 22551, 22554, 21731, 22892, 22197, 23298, 22432, 23203, 22382, 23206, 23209, 23199, '85099B', 22385, 22411, 'POST']"
564531,"[22110, 21484, 22759, 21430, 21703, 22423, 21584, 22319, 21485, 22595, 21429, 21249, 21576, 21577, 21754, 22629, 22631, 23356, 'POST']"
564670,"[21086, 21988, 21094, 21080, 21989, 22908, 22895, 22437, 22435, 23159, 23298, 47566, 22974, 84375, 21719, 23293, 23296, 23297, 23325, 23348, 23346, 23345, 23156, 21196, 21197, 21198, 21199, 22631, 23252, 23251, 23250, 23249, 22842, 22843, 22262, 23236, 22972, 22973, 22976, 22975, 22046, 22708, 23231, 22704, 22705, 22423, 21987, 'POST']"
564862,['POST']
564897,"[22554, 22556, 22551, 22726, 22728, 23084, 23296, 23293, 23295, 23297]"
564906,"[23084, 'POST']"
564912,"['POST', 23084, 23199, 22704, 23200, 21238, 22352, 21080, 22090, 20685, '85099B', 22379, 23203, 20712, 23202, '84997B', '84997D', 22385, 21731]"
565239,"['85014A', 21883, 21881, 21880, 22991, 22992, 22561, 22382, 22352, 21559, 23084, 21731, 21452, 23079, 20725, 20726, 22659, 22629, 22631, 23206, 23445, '85014B', 'POST']"
565321,"[22423, 21121, 21080, 21208, 21843, 21987, 21558, 22333, 'POST']"
565322,"[21058, 22331, 20676, 20675, 22356]"
565443,"[23345, 23346, 22423, 47566, '84707B', 21643, 15036, 21121, 22181, 21380, 21672, 22341, 22948, 84879, '15044C', 22326, '79191C', '79190A', 21731, 21833, 22561, 21990, 20983, 20981, 23191, 21883, 21880, 23194, 23193, 23078, 21915, 11001, 22492, 22895, 22378, 23049, 23051, 23054, 23052, 23289, 23291, 23290, 23292, 21871, 23254, 23256, 22554, 22374, 22371, 'POST']"
565587,"[23024, 22795, '15056N', 22215, 22151, 82484, 'POST']"
565612,"[23289, 23290, 23291, 23292, 21791, 22548, 22549, 20750, 20749, 21156, 22367, 22899, 22554, 22551, 22555, 22556, 20981, 20983, 22634, 22635, 'POST']"
565801,"[22630, 22661, 22949, 22663, 22416, 22551, 22382, 22726, 22729, 23203, 23231, 23209, 23236, 20712, 21424, 20726, 22554, 22326, '84510A', 22386, '84997A', 22423, 22962, 22963, 22961, 'POST']"
565854,"[21122, 22382, 22029, 22367, 22613, 22629, 23256, 23290, 20726, 20727, 23445, 21731, 21564, 21563, 22326, 23159, 22197, 20963, 21915, 21914, 22898, 21094, 21086, 21080, 21936, 22343, 22131, 22922, 22027, 21098, 23206, 22328, 21121, 22315, 21354, 21124, 23254, '84997D', 22313, '84997C', 'POST', 20725]"
565865,"[23200, 22302, 22303, 23199, 23204, 23206, 22752, 23201, 21329, 21328, 22551, 23205, 23207, 23190, 23192, 23241, 23290, 23256, 23229, 22382, 22385, 22940, 22556, 22631, 22531, 22398, 22661, 22662, 22663, 22712, 23108, 23254, 23291, 23345, 23289, 22492, 22750, 22659, 23347, 23238, 22384, 22356, 23173, 23170, 22174, 22727, 22728, 22726, 22729, 22730, 84692, 20750, 20682, 20724, 21094, 21080, 20979, 21086, 21880, 22321, 22352, 21558, 22029, 23209, 22326, 22554, 21680]"
565930,"[22559, 22748, 22745, 20819, 20979, 22174, 20712, 22118, 22727, 22729, 22726, 22386, 22728, 22966, 22930, 23242, 22617, 23241, 23296, 'POST', 20866, 23280, '84509B', 23159, 35970, '16169E', 23213, 23264, 23268, 22571, 22572, 22940, 22601, 22142, 22732, 40001, 21791, 23295, 23293, 23285, 22138, 22955, 22956, 22333, 22331, 21380, 84692, 22434, 22029, 22554, 22110, 22372, 22551, 21485, '84086C', 23076, 21706, 21710, 23320, 22027, 21509, 22024, 22810, 22037]"
565931,"[23194, 21715, 23241, 23345, 21242, 23346, 20676, 23289, 23290, 22558, 22632, 23205, 21481, 20685, 22960, 21407, 22181, 22629, 22630, 22551, 23377, 23176, 'POST']"
566074,"[22624, 22138, '90184C', 21155, 22558, 22112, 22111, 23398, 23395, 23396, 23393, '46000S', 22626, 22625, 21485, '90184B']"
566115,"['POST', 23119, 23076, 23290, 22614, 23381, 23237, 22753, 22449, 21981, 20981, 21680, 22326, 22418, 22029, 22712, 22727, 22726, 22728, 23254, '84997D', 23256]"
566163,"[22661, 22662, 22663, 22712, 23108, 23254, 23291, 23345, 23289, 22492, 22750, 22659, 23347, 23238, 22384, 22356, 23173, 23170, 22174, 22727, 22728, 22726, 22729, 22730, 84692, 20750, 20682, 20724, 21094, 21080, 20979, 21086, 21880, 22321, 22352, 21558, 22029, 23209, 22326, 22554, 21680, 23200, 22302, 22303, 23199, 23204, 23206, 22752, 23201, 21329, 21328, 22551, 23205, 23207, 23190, 23192, 23241, 23290, 23256, 23229, 22382, 22385, 22940, 22556, 22631, 22531, 22398]"
566256,"[22730, 22726, 20682, 37495, 21208, 20751, 'POST']"
566492,"['POST', 21232]"
566736,"[22704, 21498, 22964, 21883, 22082, 22080, 22529, 22535, 21988, 21094, 22437, 85175, 21080, 21679, 21987, 21086, 21207, 22908, 22531, 22544, 'POST']"
566816,"[22662, 23346, 23008, 22629, 23007, 23009, 22423, 23171, 23170, 22971, 21915, 21914, 22492, 22367, 22899, 20725, 22382, 21524, 48138, 22688, 22690, 23349, 23352, '84029G', '84029E', 21479, 21481, 84879, 23222, 23224, 20685]"
566873,"[21731, 20682, 23389, 23390, 23391, 23388, 22029, 22631, 22630, 21212, 21086, 22027, 20725, 21080, 21094]"
566918,"['POST', '35599B', 48194]"
567191,"[23388, 23389, 23390, 21394, 22355, 22661, 23287, 23286, 21731, 22466, '79191C', 20725, 22382, 22383, 22629, 22630, 22384, 23206, 23209, 21452, 'POST']"
567293,"[21535, 21531, 22072, 22348, 23174, 23175, 22847, 22645, 21703, 21889, 21890, 21891, 22619, 23101, 22961, 22727, 22730, 22726, 22192, 22191, 22193, 22467, 22423, 22697, 23160, 22698, 23161, 23164, 22699, 22624, 23319, 22785, 21622, 48138, 22207, 22377, 22379, 23343, 20749, 21485, 22111, 'POST']"
567296,"['15056BL', 23427, 23433, 23397, 23411, 23445, 20725, 20726, 23296, 20750, 21210, 20749, '15056N', 22998, 23004, 22027, 23209, 'POST']"
567300,"[22629, 22964, 23256, 22631, 23255, 22630, 23108, 23254, 22659, 23347, 23238, '84997D', 23346, 23237, 23240, 22121, 22326, 23445, 23388, 23391, 23389, 23392, 23390, 23559, 21561, 21559, 'POST']"
567380,"[21262, 21394, 21845, 23187, '47504K', 22969, 21216, '85159B', 21217, 21533, 21535, 21531, '79190A', '79191C', 21579, 21039, 20724, 23204, 20728, 21539, 20674, 20677, 23288, 23574]"
567552,"[23169, 22326, 22492, 21039, 21210, 22659, 22726, 22727, 22728, 22333, 22466, 23328, 23388, 23389, 23390, 23373, 23374, 22991, 21731, 22778, 'POST', 22197]"
567618,"[23388, 23390, 23389, 23445, 21915, 22663, 22385, 22045, '16156S', 22708, 21498, 22046, 22704, 22986, 23231, '16161P', 84992, 22417, 22951, '47599A', 20725, 22899, 22367, 'POST']"
567640,"[22898, '47591D', 21880, 21156, 23293, 23295]"
567657,"[23231, 22866, 22776, 23147, 23241, 22192, 22625, 21539]"
567756,"[21976, 85053, 23293, 23295, 23294, 23296, 22893, 21977, 21212, 'POST']"
567793,"[22894, 23204, 22625, 22627, 21212, 23309, 22697, 22423, 23174, 23175, 23163, 23171, 23169, 23209, 22710, 22971, 22988, 22900, 82484, 22485, 22784, 21326, 21174, 21166, 22721, 22897, 'POST', 23173]"
567910,"[22435, 21124, 22090, 21989, 21213, 21987, 21988, 21122, 47566, 'POST']"
567915,"[20749, 20750, 20665, 20866, 20686, 20682, 62018, 21581, 22661, 23204, 20719, '16156L', '16161P', 21495, 21498, 22526, 21746, 22432, 22423, 23289, 23290, 21244, 21240, 22551, 22554, 21563, 20977, 21715, 'POST']"
568040,"[21137, 23159, 22556, 22627, 23196, 20750, 22904, 22312, 20682, 22024, 22314, 84692, 22348, 21731, 23559, 22467, 22197, 21883, 22652, 22894, 21967, 22301, 22037, 22027, 23168, 22616, 22555, 21544, 23204, 21559, 23158, 22554, 23445, 21706, 21121, 20724, 22356, 'POST']"
568137,"[22175, 22176, 22139, 22747, 22748, 22746, 22745, 21090, 21084, 21249, 20749, 20750, 21731, 22468, 22179, 23007, 21481, 22384, 22992, 23009, 22779]"
568176,"[23388, 23390, 23372, 85015, 22423, 21739, 23231, 22720, 22722, 22326, 23209, 22726, 22728, 'POST']"
568518,"[22555, 22556, 22630, 22629, 22634, 22635, 22726, 22728, 22727, 'POST']"
568645,"[23108, 22383, 20712, 23200, 22663, 22385, 23203, '85099B', 22960, 22726, 22729, 22630, 22551, 22725, 22139, 22728, 22629, 22554, 23390, 23388, 22727, 20726, 22382, 23389, 22662, 20725, 23206, 21906, 'POST']"
568798,"[23445, 23546, 23545, 23350, 23189, 21929, 20712, '85099B', 20749, 20750, '85014A', '85014B', 21481, 22111, 22961, 20725, 22352, 22629, 22630, 22349, 22350, 21731, 84077, 22312, 22314, 22992, 21915, 21914, 'POST']"
568953,"[21242, 22467, 21535, '84086C', 22319, 22741, 23021, 22197, 22109, 22983, 22037, 22961, 'POST']"
568988,"[23377, 22818, 22950, 22142, 22144, 22027, 22028, 22983, 22819, '85169D', '15056N', 23175, 21210, 22699, 23173, 22133, 21084, 21090, 'POST']"
568994,"[20719, 23204, 20724, 22661, 22551, 22556, 22554, 22630, 23445, 23559, 23372, 23371, 22609, 22610, 23388, 23389, 23390, 'POST']"
569097,"[23508, 23506, 23509, 23510, 23507, 23010, 20727, 20725, 22551, 22554, 22555, 22553, 21563, 20682, 22558, 22748, 22747, 22746, 22745, 21558, 22352, 21156, 22630, 22382, 22662, 10125]"
569120,"[23368, 23367, 23506, 23509, 22629, 21559, 21156, 20750, 22090, 23298, 22539, 'POST', 23389, 22352]"
569122,"[21080, 22845, 22080, 22492, 21200, 22620, 21843, 22215, 22236, 22423, 22669, 23294, 23295, 23293, 21094, 21086, 'POST']"
569332,"['POST', 23391, 23390, 23388, 22943, 20914, 23242, 23191, 23192, 23190, 21217, 22900, 22720, 23354, 23353, 23265, 22398, 22399, 22396, 23308, 23309, 22628, 23268, '84596B', '84596F', 22555, 22328, 22652, 23493, 22554, 22556, 22551, 22553, 22662, 23207, 22383, 23202, 23201, 20728, 23208, 20725, 20726, 22382, 20727, 23117, 23114, 23115, 23203, 23206, 23308, 22553, 22124, 21035, 20713, 22124, '85099B', 21930, 23209, 22629, 23241, 23244, 22326, 22328, 23199, 23206, 21035, 22631, 22629, 22138, 22659, 23242, 21039, 23202, 22383, 84050, 22385, '85099B']"
569402,"[23393, 23201, '85099B', 20724, 22356, 22457, 22326, 22555, 22138, 'POST']"
569531,"[21621, 21922, 23355, 23301, 23284]"
569568,"['84535B', 23445, 22179, 22468, 23377, 23379, 23381, 23392, 23559, 23551, 22728, 20725, 22661, '16258A', 16048, 22561, 23196, 22393, 22299, 22989, 22895, 22990, 23065, 23066, 22026, 16236, 16238, 84879, 23191, 23192, 22729, 23204, 22382, 23205, 23202, 22328, 22326, 22423, 22973, 22974, 22972, 22698, 22697, 22977, 22976, 23255, 23254, '84997D', 22894, 23053, 23049, 23054, 23051, 22899, '47591D', 22730, 23206, 23199, 23237, '85099B', 22024, 22714, 20750, 23298, 47566, 21429, 23077, 22551, 22556, 23292, 23291, 21915, 22619, 22637, '84536A', 22726, 22629, 22659, 22630, 21558, 21559, 21561, '84536B', 22727, 22352, 20723, 22725, 22964, 'POST']"
569686,"[23309, 22358, 22993, 23162, 22970, 22971, 21790, 72741, '90201C', '90201B', 23365, 23368, 23391, 22111, 23341, 21977, 22619, 'POST']"
569699,"[23415, 22970, 22971, 22659, 22630, 22809, 21470, 21471, 21469, 23346, 23347, 22750, 22751, 21621, 22940, 22115, 21843, 23009, 23504, 23505, 22023, 23501, 23367, 23365, 23369, 22716, 22037, 22718, 22027, 22713, 22911, 23319, 23318, 22616, 22900]"
569701,[23009]
569921,"[23427, 23395, '46000S', 23396, 23397, 23468, 23466, 22624]"
570020,"[22553, 20974, 22992, 21915, 22557, 22728, 22493, 21650, 21058, 22437, 'POST']"
570030,"[21977, 22437, 22553, 22467, 22090, 21207, 22554, 22555, 20750, 22432, 22431, 22636, 23254, 23256, 23255, 20979, 20977, 22613, 21080, 21989, 21988, 21094, 21987, 21086, 21212, 21213, 22417]"
570267,"[22361, 23287, 23285, 23286, 22973, 22972, 22326, 'POST']"
570409,"[22976, 22859, 22435, 23202, 21212, 23427, 23200, 21731, 23209, 23293, 23493, 23517, 23203, 23199, 22352, 'POST']"
570672,"['17012A', '17012B', 20665, 20674, 20675, 20676, 20677, 20682, 20704, 20717, 20718, 20719, 20723, 20724, 20750, 20832, 20914, 20978, 20979, 20984, 21039, 21055, 21114, 21121, 21122, 21125, 21136, 21155, 21164, 21212, 21218, 21219, 21224, 21232, 21242, 21245, 21354, 21356, 21424, 21428, 21430, 21439, 21524, 21531, 21533, 21535, 21555, 21576, 21577, 21591, 21648, 21703, 21704, 21715, 21770, 21832, 21844, 21866, 21871, 21872, 21875, 21877, 21888, 21889, 21891, 21905, 21906, 21915, 21916, 21918, 21934, 21947, 22070, 22071, 22091, 22115, 22131, 22132, 22133, 22138, 22139, 22149, 22180, 22199, 22200, 22203, 22204, 22207, 22232, 22271, 22273, 22309, 22315, 22318, 22320, 22324, 22326, 22328, 22348, 22356, 22357, 22371, 22372, 22389, 22390, 22393, 22396, 22398, 22400, 22403, 22408, 22413, 22423, 22445, 22449, 22483, 22485, 22489, 22491, 22499, 22505, 22507, 22508, 22530, 22532, 22534, 22537, 22550, 22551, 22554, 22555, 22556, 22561, 22567, 22571, 22595, 22608, 22610, 22616, 22619, 22620, 22628, 22633, 22634, 22635, 22636, 22659, 22689, 22692, 22702, 22745, 22746, 22747, 22748, 22749, 22750, 22759, 22768, 22807, 22840, 22842, 22844, 22846, 22847, 22852, 22859, 22866, 22900, 22902, 22945, 22959, 22960, 22970, 22971, 22988, 22989, 22994, 22996, 22998, 23005, 23007, 23008, 23010, 23076, 23077, 23078, 23108, 23123, 23156, 23157, 23159, 23170, 23173, 23174, 23176, 23190, 23192, 23194, 23198, 23204, 23234, 23236, 23238, 23241, 23245, 23247, 23253, 23263, 23266, 23269, 23270, 23275, 23285, 23286, 23287, 23288, 23309, 23312, 23318, 23325, 23353, 23355, 23365, 23368, 23374, 23424, 23493, 23502, 23546, 35953, 37495, '47578A', 48138, '48173C', 70007, 72586, 84050, 84077, '84279P', '84536A', 84580, 84817, 84819, 84821, 84828, 84879, 84920, 84929, '85014A', '85039A', '85040A', 85095, '85099B', '85170D', 85172, 85175, '85183B', '85199L', 85227]"
570724,"[22622, 23502, 23505, 23504, 23508, 23509, 23507, 23506, 23517, 23512, 23365, 23366]"
570798,"['POST', 21232]"
570823,"[23254, 23256, 22467, 21559, 23289, 23290, 23291, 23292, 'POST']"
570841,"[22745, 22355, 20724, 21931, 22379, 23202, 23199, '85099B', 20712, 23389, 23390, 20725, 21731, 21936, 23206, 22090, 22554, 22622, 21039, 21672, 21883, 23350, 'POST']"
570851,"[23389, 23388, 23390, 22197, 'POST', 20724]"
570879,"[21108, 23078, 22374, 22372, 21739, 20712, 22386, '85099B', 22725, 22727, 22726, 'POST']"
571240,"[23367, 23368, 23382, 23493, 20725, 20726, 22382, 22383, 22384, 23209, 23206, 22662, 23388, 23390, 22637, 21929, 20712, 23200, 22386, 23199, 23203, 23344, '85099B', 23007, 23008, 22728, 22725, 'POST']"
571864,"['85014B', 23009, 23007, 22988, 22970, 22555, 22553, 22139, 22492, '84029E', 21481, 21539, 21535, 21531, 21533, 22423]"
571923,"[23296, 23295, 23240, 20914, 21843, 22138, 22377, '85014B', 22728, 22726, 22725, 22727, 23286, 23285, 23344, 22610, 22608, 22663, 'POST']"
572087,"[23325, 23445, 21209, 22631, 22630, 22352, 21559, 22625, 22423, 23245, 21121, 21124, 21122, 21123, 21946, '47599B', 21208, 22636, 21947, 21948, 21949, 21943, 23252, 23169, 22842, 23250, 23236, 23156, 23159, 21987, 21086, 21094, 21988, 21080, 21989, 21125, 84375, 23348, 'POST']"
572925,"[23485, 23479, 23328, 23213, 23212, 22153, 23512, 23511, 22625, 21539, 23231, 21485, 21481, 20914]"
572986,"[23493, 23534, 23541, 23445, 23204, 22024, 22716, 22961, 23168, 21240, 23317, 21980, 21213, 22314, 22892, 21871, 22973, 22556, 22554, 22895, 21731, 21577, 'POST']"
572992,"[23084, 'POST']"
573036,"['POST', 22326, 23084, 23112, 23397, 22389, 22390, 22778, 21731, 22580, 23480]"
573077,['M']
573080,['M']
573153,"[23084, 23189, 22629, 23238, 23256, 23255, 22659, 22631, 22551, 22556, 22555, 22554, 22553, 22326, 22328, '84997B', 22138, 21914, 21915, 22560, 22492, 22045, 22710, '16161P', 22704, 23231, 22615, 22616, 22386, 23203, 22382, 20725, 23209, 21094, 21086, 21080, 84375, 84378, 23287, 23286, 23285, 22961, 22963, 22962, 22989, 22907, 84988, 23296, 23293, 23295, 23309, 23307, 22417, 84991, 22726, 22728, 23493, 23382, 'POST', 22727, '84997D']"
573273,[23497]
573316,[21621]
573402,"[23353, 21557, 23566, 23564, 22890, 21154, 21976, 21212, 22951, 23307, 23309, 84991, 23559, 23480, 'POST']"
573428,"[22210, '85032A', 22554, 22090, 21212, 22492, 20972, 22273, 22585, 21935, 21094, 21086, 21080, 23475, 23480, 22610, 22820, 21213, 21976, 21977]"
573442,"[21739, 23480, 21731, 21481, 21479, 21484, 23084]"
573867,"[23084, 23076, 23500, 20750, 23101, 84375, 23254, '84997D', 23256, 22449, 22332, 22333, 21987, 21086, 22331, 22610, 22029, 22712, 22727, 22726, 22728, 'POST', 22326, 22492]"
573868,"[20973, 21249, 20719, 23388, 22326, 22899, 22630, 22661, 23108, 23289, 23291, 23390, 23292, 22367, 20724, 21156, 22139, 22175, 21055, 23290, 23389, 23367, 22320, 22325, 'POST', 20973]"
573891,"[20679, 22352, 23240, 23237, 23480, 23499, 23453, 21915, 21558, 22859, 22556, 22554, 20726, 23084, 23206, '15056BL', '85014B', 22027, 23231, 22704, 'POST']"
574068,"[23343, 23314, 23349, 22738, 22895, 23204, 22894, 23287, 22080, 23203, 22386, '85099B', 20724, 22632, 23507, 22328, 23238, 22900, 23084, 22619, 'POST', 22090]"
574093,"[21121, 21124, 21122, 21125, 22983, 22029, 22742, 22744, 22693, 21380, 22090, '47590A', 22668, 22085, 21207, 22930, 22937, 22964, 84378, 21212, 21975, 22417, 21213, 22955, 23308, 23293, 21358, 22435, 22440, 23077, 23076, 21843, '72760B', 21210, 22416, 21972, 21974, 22949, 22197]"
574104,"[23084, 23569, 23571, 22947, 20749, '15056BL', 22580, 23267, 23214, 23224, 23222, 23216, 22573, 22574, 22571, 23210, 23213, 23211, 84879, 22966, 22637, 23506, 23508, 21703, 'POST']"
574252,"[23480, 22326, 22630, 22629, 20726, 22554, 23084, 23382, 22215, 'POST', 'M']"
574501,"[21427, 21365, 21371, 21374, 21369, '84519B', '84519A', 21402, 21403, 21394, 23332, 23274, 23273, 22065, 22306, 22791, 23103, 21070, 21012, '84596B', '84596F', 70007, 16225, 23501, 23500, 22327, 20961, 20963, '79066K', 22207, 21306, 23077, 22992, 22174, 23281, 23282, 23280, 16238, 16237, 22211, 22208, 23196, 23198, 23503, 23504, 23505, 23121, 23120, 23504, 10120, 23366, 20974, 23365, 22596, 22068, '47503A', 84950, 21034]"
574506,"[23583, 23489, 16225, 23085, 23202, 22384, '84673B', 23214, 'M', 23283, 23192, 22197, 23284, 21372, 22910, 22144, 23085, '48173C', 22207, 22792, 23356, 22197]"
574918,"[22227, 22602, 21818, 22338, 22219, 22335, 23201, '85136A', 21822, 22948, 21811, 84836, 22989, 22990, 22367, '47591D', 22899, 22900, 22138, 23344, 23582, 23393, 23394, 23355, 21003, 23358, 21481, '84032B', 23494, 23240, 23535]"
575049,"[22629, 22630, 23382, 23354, 23353, 22959, 22778, '47599B', 22331, 22333, 23344, '85099B', 23569, 21499, 21500, '16169E', 23350, 23256, 23254, 23267, 22734, 22952, 22909, 23084, 23434, 22941, 23245, 21731, 22551, 22554, 23291, 23292, 23289, 23290, 'POST']"
575067,"[23480, 23570, 23367, 22555, 22951, 22417, 21976, 20719, 20724, 22356, 22492, 22636, 22197, 22083, 22326, 22328, 21207, 22727, 22726, 22728, 22730, 23445, 23298, 'POST']"
575193,"[23245, 23324, 23445, 21731, 22352, 23203, 23202, 23159, 22402, 22032, 21509, 23084, 22990, '47591D', 22727, 22728, 22411, 20615, 22556, 22553, 23494, 23566, 23565, 22423, 23052, 22326, 22328, 22382, 23583, 23208, 20749, 22964, 84380, 23243, '85232D', 23198, 23196, 'POST']"
575326,"[22340, 23313, 22910, 22945, 23082, 23083, 23318, 23319, 22076, 21012, 84946, 23491, 23439, 22866, 22867, 'POST']"
575519,"[23084, 23480, 23353, 22617, 23571, 23570, 22941, 22899, 84375, 22748, 21791, 23506, 23506, 22661, 'POST']"
575581,"[23395, 23396, 22944, 85015, 'POST']"
575584,"[23203, 23199, 23582, 20712, 23209, 23569, 22086, 22910, 21774, '85099B', 23200, 20750, 'POST']"
575629,"[35970, 22086, 22909, 23354, 23353, 21987, 21988, 20975, 20973, 22540, 22544, 22539, 20676, 'POST']"
575661,"[20718, 23209, 22607, 23490, 23349, 23350, 23501, 21703, 22079, 22080, 22081, 22078, 22776, 22732, 22734, 22077, 90099, 23371, 23322, 22737, 23512, 23515, 23511, 23514, 23513, 21098, 23321, 22469, 23329, 23332, 22578, 22577, 23333, 22573, 22571, 22573, 23333, 22574, 22579, 22571, 22572, 21034]"
575671,"[23084, 23480, 23350, 23351, 23349, 23353, 22952, 21976, 20749, 20750, 22326, 22554, 22551, 22556, 21770, 22976, 22964, 22966, 22992, 'POST']"
575692,"[21452, 21484, 21485, 23597, 20974, 20973, 23369, 20975, 22339, 21819, '85199S', 23103, 21891, 22620, 21818, 21494, 23082, 22086, 23452, 23265, '85130C', 22577, 22601, 22595, 22219, 23211, 23210, 22578, 22577, 23211, 23210, 22255, 21439, 22619, 22115, 22970, 22971, 22144, 22149, 22744, 22150, 23334, 23266, 21818, 22578, 22139, 23321, 22696, 22695, '46000S', 23396, 21926]"
575747,"[22646, 22645, 21124, 21122, 21121, 22367, '47591D', 22080, 22964, 84380, 22965, 84378, 22423, 23245, 23294, 23296, 23295, 22838, 22627, 22625, 22624, 22591, 22739, 22086, 'POST']"
575759,"[22577, 22578, 23481, 21833, 85227, '84559A', 21881, '84569A', 22551, '84558A', 22972, 21107, 22138, 22617, 84836, 21811, 21822, 21034]"
575845,"[23158, 23204, 20724, 22661, 22551, 22554, 22556, 23084, 23371, 23372, 22609, 22610, 22181, 'POST']"
575880,"[23382, 22964, 22082, 22531, 22908, 21207, 21086, 21094, 21080, 22529, 22535, 21988, 22437, 22620, 22435, 22492, 21987, 22544, 22440, 22550, 21912, 22255, 21122, 21121, 21123, 21124, 22333, 21989, 22613, 22080, 22549, 21791, 21888, 23229, 21913, 'POST']"
575884,"[85048, 23058, 22575, 22594, 23221, 23351, '85230B', 35970, 23084, 23480, 23203, 23209, 21135, 22593, 22601, 22940, 23275, 22727, 22726, 22728, 23109, 'POST']"
575916,"[21731, 'POST']"
576064,"[21326, 82482, 20724, 22619, 22219, 23367, 22544, 22139, 22255, 21439, 22507, 20719, 22588, 21429, '46000S', 23395, 21926]"
576087,"[21731, 22027, 22037, 23292, 22634, 22551, 23290, 22382, 22385, 22635, 20726, 20725, 23206, 22898, 22367, 21156, '79191C', '79191B', 20682, 20724, 20719, 23388, 23389, 23390, 22381, 22380, 22379, 20712, 23202, '85099B', 22661, 22554, 23480, 23084, 23108, 21481, 22727, 'POST']"
576222,"[23506, 21987, 21989, 21988, 22466, 22331, 21914, 21912, 23569, 23293, 23296, 23084, 22492, 22534, 22437, 22332, 21544, 22333, 'POST']"
576245,"[23389, 23206, 20725, 22379, 21931, 22568, 22746, 22748, 22745, 23084, 21731, 22554, 23566, 23564, '15056BL', '85014B', 35970, 22571, 22941, 22621, 23569, 20712, 'POST']"
576373,"[23319, 48138, 22193, 23543, 23554, 23555, 23556, 23534, 'POST']"
576399,"[21918, 21917, 20719, 22356, 21156, 22367, 20728, 20726, 22382, 22417, 21977, 84991, 84992, 22557, 22551, 22992, 20979, 23192, 22530, 22534, 22139, 22540, 21704, 23367, 23354, 22752, 22732, 22733, 23319, 'POST']"
576669,"['POST', 23319]"
576672,"[23084, 22699, 22745, 22747, 22748, 21889, 23010, 23007, 21481, 21524, 20685, 48111, 22492, 84879, 20725, 22382, 22629, 22662, 21212, 22988, 20682, 10125]"
576894,"[22752, 22749, 22751, 22273, 22320, 22745, 22747, 22746, 22748, 22142, 22940, 22325, 22083, 23266, 22579, 'POST']"
576927,"[23231, 22580, 22946, 23318, 23320, 22121, 23267, 22940, 22141, 22144, 21813, 21812, 21821, 23313, 35953, 35970, 21208, 21194, 21463, 23176, 23177, 22271, 22750, 22751, 23128, 20725, 20726, 21558, 22326, 20727, 22327, 22328, 22629, 22628, 22352, 22630, 22659, 23206, 23115, 23367, 23368, 23369, 22781, 84879, 23542, 21249, 23068, 23433, 23432, 22728, 22727, 22726, 22467, 21202, 23289, 23290, 23292, 23291, 23254, '84997D', 23256, 20712, 22380, 22379, 22385, 23199, 23200, 23203, 23343, 23388, 23391, 23389, 22902, 23004, 23005, 23280, 20750, 22704, 22045, 22705, 'POST']"
576941,"[23480, 23582, 22946, 22947, 23319, 23318, 23213, 23211, 23199, 23203, 23240, 20725, 23681, 23206, 23583, 22389, 22390, 23084, 'POST']"
577121,"[21819, 23101, 35970, 20668, 23084, 22627, 23196, 22326, 21121, 20724, 23534, 22027, 22976, 22966, 21238, 23342, 22352, 21559, 21212, 22312, 21871, 22555, 22556, 20682, 22197, 22992, 22423, 21080, 22302, 22365, 21224, 'POST']"
577152,"[21121, 22899, 21559, '84997D', '84997B', '84997C', '84997A', 23192, 22741, 22754, 22753, 22325, 21080, 21977, 21212, 22908, 22898, 'POST', 20725, 22662, 22352, 22949, 21210, 23206]"
577295,"[21976, 23203, 21731, 23298, 47566, '15056BL', 20679, 23480, 23084, 'POST']"
577344,"[22236, 21080, 22130, 22333, 23229, 22435, 21987, 21989, 22423, 'POST']"
577502,"[22635, 22617, 23371, 23256, 23389, 22636, 23108, 23390, 23372, 23254, 22138, 20750, 20983, 23084, 21731, 23480, 21704, 21791, 21914, 22620, 23569, 23571, 23570, 20981, 23388, 22634]"
577512,"[23163, 21844, 23463, 23175, 23174, 22423, 22699, 23173, 23020, 22294, 21531, 23245, 23164]"
577687,"[21212, 23367, 23368, 22333, 22991, 21094, 21086, 21080, 21988, 21989, 21987, 21680, 22332, 23598, 'POST', 23084]"
577856,"[23084, 20724, 20725, 21086, 22333, 20712, 20726, 20719, 22326, 22331, 23445, 22313, 'POST']"
578033,"[22232, 22326, 22328, 22628, 22139, 23084, 23480, 22941, 22942, 23108, 23316, 23317, 23341, 22193, 22192, 22726, 22727, 23203, '85099B', 23199, 20712, 23344, 21680, 21383, 21430, 21426, 20750, 'POST']"
578277,"[23084, 22751, 22940, 22750, 23494, 21467, 21471, 21470, 22971, 22970, 23371, 23372, 22809, 22466, 21731, 23376, 22909, 22616, 23256, 23254, 23255, 23503, 23502, 22348, 23501]"
578287,"[22624, 23084, 21731]"
578348,"['84596F', '84596B', 22398, 23084, 22890, 23565, 21557, 22403, 21981, 23377, 'POST']"
578541,"['84924A', 21165, 22832, 82583, 21175, 22928, 21429, 23236, 23240, 21428, 21430, 21257, 21259, 23483, 22805, 22775, 22774, 22605, 23472, 21908, 82582, 84879, 22810, 22809, 84792, 21671, 21672, 21669, 23035, 23026, 23027, 23033, 23025, 23015, 21466, 22445, 22118, 22199, 22207, 23338, 22203, 35443, 23292, 23291, 20676, 23289, 23290, 17174, 23570, 20914, 22625, 22624, 22627, 21351, 23129, 23469, 23090, 84347, 22852, 22853, '35810B', 37413, 21872, 21871, 22301, 22300, 21535, 21531, 22558, 22567, 22071, 22844, 22845, 22840, 22841, 22847, 22895, 22311, 23501, 23116, 23115, 23117, 23116, 23115, 20978, 22991, 22992, 22782, 23319, '84029G', 21485, '84030E', '85123A', 21733, 22620, '84029E', '84029G', 21679, 21675, 21677, 21889, 21918, 23504, 21917, 21931, 23203, 23582, '85099B', 22663, 22498, 22499, 23147, 23146, 16225, 21914, 22178, 23084, 23079, 21623, 22507, 22505, 22193, 23316, 22191, 23181, 23465]"
578698,"[22593, 22595, 22603, 84836, 23660, 23206, 22301, 20725, 22383, 21485, 22585, 22814, 22037, 22712, 22029, 22028, 22032, 23697, 84077, '84997A', 23084, 22043, 22577, 22578, 22228, '90030B', '90030C', 90031, 23311, 23318, 22818, 22816, 22734, 23319, 'POST']"
578736,"[23084, 21137, 23493, 23570, 23196, 22467, 20724, 23445, 22037, 21698, 23158, 23156, 20750, 21770, 'POST']"
578835,"[23084, 21731, 22749, 22750, 'POST']"
579153,"[22555, 22556, 22554, 22175, '84931B', 22320, 22492, 22744, 22453, 22654, 22966, 84375, 'POST']"
579190,"[22900, 22357, 22423, 22959, 22818, 23318, 22809, 'POST', 23320]"
579193,"['POST', 23320, 23318, 22959, 22900, 22818, 22809, 22423, 22357]"
579345,"[22534, 22530, 22139, 22617, 22138, 23080, 23081, 23445, 23559, 23084, 22466, 22553, 22557, 22492, 21559, 22659, 'POST', 20749, 16218, 22730, 22728, 22727, 22556]"
579492,"[23084, 21731, 22556, 22555, 23351, 23349, 23480, 22966, 22303, 22302, 23115, 23352, 22328, 'POST']"
579529,"[22139, 23084, 'POST', 22175, '84931A', '84931B', 22748, 20749, 20750, 22743, 84375, 22899, 21156, '47591D', 21936, 20979, 10135, 23370, 23365, 23372, 23371, 22753, 22754, 22991, 22992, 22644, 22138]"
579634,"[23576, 23575, 23578, 22423, 23493, 23196, 23308, '84535B', 84991, 21212, 21210]"
579708,"[23681, 23084, 23695, 23343, 23344, 22739, 23353, '15056N', 21731, 22961, 20725, 23209, 23480, 23208, 23240, 23237, 22086, 22027, 'POST']"
579792,"[22436, 22437, 23382, 23478, 23475, 23473, 23476, 23474, 23477, 23084, 23681, 23583, 22816, 22818, 22578, 22576, 22574, 22571, 23210, 23211, 23311, 22602, 22603, 22601, 22593, 22595, 22594, 23264, '85199S', 22396, 22398, 22403, 22400, 22402, 22758, 22755, 22753, 22756, 22757, 22754, 22752, '15056BL', 20679, 21481, 22113, '84030E', 22899, 22326, 22328, 23209, 22662, 22558, 22348, 20676, 20677, 20675, 22634, 22635, 23256, 23254, '84997D', 23255, 22138, 22617, 21914, 23507, 23510, 'POST']"
579870,"[21731, 23084, 21577, 22969, 21523, 23283, 22960, 22423, 22634, 22636, '84279P', 22551, 22554, 'POST']"
580120,"[23084, 21731, 22355, 23390, 22385, '85099B', 22435, 22419, '51014L', 'POST']"
580126,"[23318, 23319, 22821, 23354, 23437, 23545, 23349, 23084, 23076, 22752, 23494, 23493, 22728, 22727, 22726, 20726, 22662, 22974, 22972, 22970, 22301, 'POST']"
580144,"[22557, 22553, 22728, 22620, 22556, 'POST']"
580160,"[23480, 23571, 23582, 21544, 23084, 21731, 22379, '85099F', 23343, 23344, 22551, 22554, 22556, 22557, 22555, 22553, 22726, 22725, 22728, 22727, 22730, 22635, 23508, 23345, 22636, 22301, 22302, 22303, 22306, 23191, 23192, 20724, 22661, 22355, 20723, 21156, 22898, 22299, 22646, 22398, 22399, 22396, 22400, 22402, 23198, 22352, 21558, 21559, 21561, 23290, 22561, 21914, 23235, 23244, 23298, 47566, 'POST']"
580285,"[23284, '84913B', 22357]"
580509,"[22376, 23556, '90201B', 22951, '47578A', 23367, 23366, 84580, 22138, 23504, 21790, 21892, 21914, 22549, 21791, 23077, 23368, 21623, 22111, 23356, 'POST']"
580534,"[23084, 23199, 23480, 23569, 20712, '85099C', 22385, 'POST']"
580536,"[21731, 21881, 20719, 22619, 23199, 23344, 23203, 23202, 22139, 23204, 20724, 22356, 22379, 22381, '16169E', 22704, 22966, 22898, 22302, 23115, 20682, 21156, 21880, 22090, 22628, 'POST']"
580705,"[22816, 22303, 22972, 22895, 22973, '84997B', '84997D', '84997C', 22328, 23245, 22090, 21154, 21035, 22625, 22624, 22627, 22626, 21086, 21987, 21988, 21094, 21989, 21080, 22435, 23156, 22437, 23295, 23293, 23236, 23231, 23351, 23349, 'POST', 23250]"
580706,['POST']
580736,"[23580, 23570, 21706, 21707, 22431, 47566, 22367, 22326, 22328, '79191C', 23245, 23115, 20676, '85114C', 22636, 22303, 22302, 22301, 22437, 22923, 22924, 22610, 23505, 'POST']"
580753,"[20750, 21931, '85099B', 22423, 21242, 21243, 21239, 21240, 23040, 22596, 22456, 48185, 21770, 21977, 21212, 84375, 23163, 84378, 23020, 22966, 23084, 22556, 22551, 22555, 47566, 23192, 22139, 22138, 22467, 'POST']"
580756,"['72800E', 23254, 23255, 23256, 'POST']"
580986,"[22757, 22754, 22758, 22755, 22756, 22753, 22752, 22390, 21425, 21427, 22355, 21935, 22713, 22037, 22024, 22027, 22029, 23579, 22327, 'POST']"
581001,"[23562, 22540, 22544, 23480, 23084, 23298, 22909, 22613, 22617, 23515, 22367, 'POST', 21156, 22352, 21559, 22326, 23388, 22728, 22726]"
581171,"[23570, 22966, 20750, '85014B', 20682, 23118, 21481, 22027, 21509, 22028, 22029, 21258, 84077, 23154, 21889, 21891, 22620, 21914, 'POST', 23084]"
581279,"[22215, 22423, 'POST']"
C537893,"[22450, 22634, 22630]"
C539104,[22662]
C539114,[22667]
C540151,[21843]
C540156,[21843]
C540367,['POST']
C540853,[22634]
C541688,[22423]
C541825,"[21877, 21875, 20914]"
C542088,[22556]
C542089,"[22301, 22300]"
C542271,"['84927E', '84927D', 21068]"
C542714,[21843]
C543834,['79190B']
C543992,['POST']
C544117,['POST']
C544422,['79191C']
C544609,['85170D']
C544679,"[22628, 20983]"
C545837,[22181]
C545997,"[21156, 22367, 22634]"
C546559,[84978]
C548564,[20750]
C548914,['M']
C549582,[22423]
C550147,['POST']
C550365,"[22398, 'POST']"
C551333,[22320]
C552317,['POST']
C552335,[22626]
C554029,"[22423, 22303]"
C555100,[22848]
C555935,"[23232, 23208, 23207, 23206, 23076, 23049, 22705, 22628, 22456, 22432, 22431, 22382, 22328, 21090, 21084, 20979, 20726]"
C557142,"[84378, 22965]"
C558575,[22693]
C559049,[23079]
C560898,"[85066, 22797]"
C561621,"[85066, 22797]"
C563109,"[21936, 20725]"
C565615,"[22423, 23325, 21197, 22976, 22972, 23236, 23249, 22842, 23348]"
C566960,[22634]
C567091,[22960]
C567916,['POST']
C568244,"[23169, 22197]"
C568534,[22432]
C568557,"[22301, 20682]"
C569981,"[22312, 22314]"
C570291,[20727]
C570515,"['90201C', '90201B', 72741]"
C571127,[35970]
C571473,[21232]
C571678,[21232]
C571680,[21232]
C573079,['M']
C573869,[23485]
C574095,"[22726, 22614, 22326, 22326, 23237, 23254]"
C574261,"[23325, 22352, 21208, 22636, 23169, 23236]"
C574512,[23085]
C574946,[22960]
C576908,"[22551, 22556]"
C578377,"[22922, 22923, 22924]"
C578743,['POST']
C579127,[22326]
C579192,"['POST', 23320, 23318, 22959, 22900, 22818, 22809, 22423, 22357]"
C579532,"['POST', 22890]"
C579562,"[23084, 21731]"
C580161,['POST']
C580263,"['M', 'M', 70007, 85175, 84821, 84819, 84817, 72586, 22232, 21934, 21872]"
C581316,"[23020, 21531, 23174]"
